-- phpMyAdmin SQL Dump
-- version 5.2.1
-- https://www.phpmyadmin.net/
--
-- Servidor: 127.0.0.1
-- Tiempo de generación: 17-09-2025 a las 22:51:59
-- Versión del servidor: 10.4.32-MariaDB
-- Versión de PHP: 8.2.12

SET SQL_MODE = "NO_AUTO_VALUE_ON_ZERO";
START TRANSACTION;
SET time_zone = "+00:00";


/*!40101 SET @OLD_CHARACTER_SET_CLIENT=@@CHARACTER_SET_CLIENT */;
/*!40101 SET @OLD_CHARACTER_SET_RESULTS=@@CHARACTER_SET_RESULTS */;
/*!40101 SET @OLD_COLLATION_CONNECTION=@@COLLATION_CONNECTION */;
/*!40101 SET NAMES utf8mb4 */;

--
-- Base de datos: `serviconli`
--

-- --------------------------------------------------------

--
-- Estructura de tabla para la tabla `beneficiarios`
--

CREATE TABLE `beneficiarios` (
  `id` bigint(20) NOT NULL,
  `celular` varchar(255) DEFAULT NULL,
  `correo` varchar(255) DEFAULT NULL,
  `direccion_residencia` varchar(255) DEFAULT NULL,
  `eps` enum('ALIANSALUD_EPS','ANAS_WAYUU_EPSI','ASMET_SALUD','ASOCIACION_INDIGENA_DEL_CAUCA_EPSI','CAJACOPI_ATLANTICO','CAPITAL_SALUD_EPS_S','CAPRESOCA','COMFACHOCO','COMFAMILIAR_DE_LA_GUAJIRA','COMFAORIENTE','COMFENALCO','COMPENSAR_EPS','CONVIDA','COOSALUD_EPS_S','DUSAKAWI_EPSI','EPM_EMPRESAS_PUBLICAS_DE_MEDELLIN','EPS_FAMILIAR_DE_COLOMBIA','EPS_SANITAS','EPS_SURA','FAMISANAR','FONDO_DE_PASIVO_SOCIAL_DE_FERROCARRILES_NACIONALES_DE_COLOMBIA','MALLAMAS_EPSI','MUTUAL_SER','NUEVA_EPS','PIJAOS_SALUD_EPS','SALUD_MIA','SALUD_TOTAL_EPS_SA','SAVIA_SALUD_EPS','SERVICIO_OCCIDENTAL_DE_SALUD_EPS_SOS') NOT NULL,
  `estado_cotizante` enum('ACTIVO','INACTIVO') DEFAULT NULL,
  `fecha_expedicion` varchar(255) DEFAULT NULL,
  `fecha_nacimiento` varchar(255) DEFAULT NULL,
  `info_adicional` varchar(255) DEFAULT NULL,
  `nombre_completo` varchar(255) DEFAULT NULL,
  `numero_identificacion` varchar(255) DEFAULT NULL,
  `parentesco` enum('COTIZANTE','ESPOSO_A','HERMANO_A','HIJO_A','MAMA','PAPA') NOT NULL,
  `tipo_identificacion` enum('CEDULA_CIUDADANIA','CEDULA_EXTRANJERIA','PASAPORTE','PEP','PT','REGISTRO_CIVIL','TARJETA_IDENTIDAD') NOT NULL,
  `cotizante_id` bigint(20) NOT NULL
) ENGINE=InnoDB DEFAULT CHARSET=utf8mb4 COLLATE=utf8mb4_general_ci;

--
-- Volcado de datos para la tabla `beneficiarios`
--

INSERT INTO `beneficiarios` (`id`, `celular`, `correo`, `direccion_residencia`, `eps`, `estado_cotizante`, `fecha_expedicion`, `fecha_nacimiento`, `info_adicional`, `nombre_completo`, `numero_identificacion`, `parentesco`, `tipo_identificacion`, `cotizante_id`) VALUES
(4, '3117069507', 'xocampo_165@cue.edu.co', 'Calle 10 # 20-30 Armenia', 'EPS_SURA', 'ACTIVO', NULL, NULL, NULL, 'Prueba Beneficiario', '0000000000000', 'MAMA', 'CEDULA_CIUDADANIA', 2),
(5, '3215567782', 'shadowshadow22@hotmail.com', NULL, 'EPS_SANITAS', 'ACTIVO', NULL, NULL, NULL, 'n/a', 'n/a', 'HIJO_A', 'CEDULA_CIUDADANIA', 3),
(6, '3013415242', 'hillarygonzalez500@gmail.com', NULL, 'EPS_SANITAS', 'ACTIVO', NULL, NULL, NULL, 'HILLARY DYAN GONZALEZ ', '1143225525', 'ESPOSO_A', 'CEDULA_CIUDADANIA', 3),
(7, '3008276417', 'mlsherid@gmail.com', NULL, 'EPS_SANITAS', 'ACTIVO', NULL, NULL, NULL, 'YEICON ANDRES HERRERA', '1005133671', 'HIJO_A', 'CEDULA_CIUDADANIA', 10),
(8, '320 7418926', 'clau.garcia25res@gmail.com', NULL, 'EPS_SANITAS', 'ACTIVO', NULL, NULL, NULL, 'CLAUDIA MILENA GARCIA ', '1088275406', 'ESPOSO_A', 'CEDULA_CIUDADANIA', 13),
(9, '3217342467', 'yusnaidapg@gmail.com', NULL, 'NUEVA_EPS', 'ACTIVO', NULL, NULL, NULL, ' YULENNYS CHINQUINQUIRA MONTIEL PINO', '6260650', 'HIJO_A', 'PT', 17),
(10, '3217342467', 'yusnaidapg@gmail.com', NULL, 'NUEVA_EPS', 'ACTIVO', NULL, NULL, NULL, 'LUIS MONTIEL ', '5443455', 'ESPOSO_A', 'PT', 17),
(11, '3136319666', NULL, NULL, 'SALUD_TOTAL_EPS_SA', 'ACTIVO', NULL, NULL, NULL, 'VALERIA MONTOYA VELASQUEZ ', '1089644934', 'HIJO_A', 'REGISTRO_CIVIL', 18),
(12, '3206197862', 'marioayalaagudelo04@gmail.com', NULL, 'EPS_SANITAS', 'ACTIVO', NULL, NULL, NULL, 'NICOLAS AYALA ESCOBAR ', '1090277276', 'HIJO_A', 'TARJETA_IDENTIDAD', 19),
(13, '3225213223', 'neriaherediachacon@gmail.com', NULL, 'EPS_SANITAS', 'ACTIVO', NULL, NULL, NULL, 'EDWIN ALEXANDER MOLINA ', '5717741', 'HIJO_A', 'PT', 22),
(14, '3008609170', NULL, NULL, 'NUEVA_EPS', 'ACTIVO', NULL, NULL, NULL, 'ANA PAULA OSORIO PEROZO', '6357958', 'HIJO_A', 'PT', 23),
(15, '3128946966', 'marioayalaagudelo04@gmail.com', NULL, 'EPS_SANITAS', 'ACTIVO', NULL, NULL, NULL, 'MANUELA ESCOBAR ESTRADA', '1094941982', 'ESPOSO_A', 'CEDULA_CIUDADANIA', 19),
(16, '3122450690', 'mariadelcarmengiraldosanchez@gmail.com', NULL, 'EPS_SANITAS', 'ACTIVO', NULL, NULL, NULL, 'ALIRIO HENAO BERGAÑO ', '7550111', 'ESPOSO_A', 'CEDULA_CIUDADANIA', 11),
(17, '3212932936', 'sandramilenaortegaerazo@gmail.com', NULL, 'NUEVA_EPS', 'ACTIVO', NULL, NULL, NULL, 'MARIANA OSPINA ORTEGA ', '1094914095', 'HIJO_A', 'TARJETA_IDENTIDAD', 28),
(18, '3218296998', 'olmg1963@gmail.com', NULL, 'EPS_SANITAS', 'ACTIVO', NULL, NULL, NULL, 'OLGA INES GUTIERREZ MOLINA ', '41908972', 'ESPOSO_A', 'CEDULA_CIUDADANIA', 29),
(19, '3207532174', 'maritza-valderrama@hotmail.com', NULL, 'EPS_SANITAS', 'ACTIVO', NULL, NULL, NULL, 'ALLYSON ALEXA RONCACNIO VALDERRAMA', '1092856270', 'HIJO_A', 'TARJETA_IDENTIDAD', 15),
(20, '3157458868', 'soniarebellon@yahoo.com', NULL, 'EPS_SANITAS', 'ACTIVO', NULL, NULL, NULL, 'ELISA SINCAD REBELLON ', '1014859373', 'HIJO_A', 'TARJETA_IDENTIDAD', 33),
(21, '3168692030', 'sandypapo-80@hotmail.es', NULL, 'SERVICIO_OCCIDENTAL_DE_SALUD_EPS_SOS', 'ACTIVO', NULL, NULL, NULL, 'JUAN ESTEBAN LONDOÑO ', '1092462707', 'HIJO_A', 'TARJETA_IDENTIDAD', 36),
(22, '3127812614', 'gloria448@live.com', NULL, 'EPS_SANITAS', 'ACTIVO', NULL, NULL, NULL, 'NIRVANA GRISAÑES LOPEZ ', '1218465687', 'HIJO_A', 'CEDULA_CIUDADANIA', 39),
(23, '3108632701', 'sirleymv015@gmail.com', NULL, 'EPS_SANITAS', 'ACTIVO', NULL, NULL, NULL, 'SIRLEY MONZON VELASQUEZ', '1233910111', 'ESPOSO_A', 'CEDULA_CIUDADANIA', 26),
(24, '3142036342', 'sandramilenaolayarodrigues@gmail.com', NULL, 'NUEVA_EPS', 'ACTIVO', NULL, NULL, NULL, 'CARLOS ALEXANDER OLAYA RODRIGUEZ', '1121214396', 'HIJO_A', 'TARJETA_IDENTIDAD', 49),
(25, '3142036342', 'sandramilenaolayarodrigues@gmail.com', NULL, 'NUEVA_EPS', 'ACTIVO', NULL, NULL, NULL, 'JERSON STEVEN SUAREZ OLAYA', '1074529530', 'HIJO_A', 'CEDULA_CIUDADANIA', 49),
(26, '3207418926', 'clau.garcia25res@gmail.com', NULL, 'EPS_SANITAS', 'ACTIVO', NULL, NULL, NULL, 'EMILIANO  LOPEZ GARCIA', '1095181812', 'HIJO_A', 'CEDULA_CIUDADANIA', 13),
(27, '3164339625', 'tobongustavo07@gmail.com', NULL, 'EPS_SANITAS', 'ACTIVO', NULL, NULL, NULL, 'GUSTAVO TOBON CARDENAS', '7524100', 'ESPOSO_A', 'CEDULA_CIUDADANIA', 60),
(28, '3105565655', 'dpaocely@hotmail.com', NULL, 'EPS_SANITAS', 'ACTIVO', NULL, NULL, NULL, 'DORA VALERIA CORTEZ CELY', '1021313483', 'HIJO_A', 'CEDULA_CIUDADANIA', 64),
(29, '3042972598', 'yulianagaleanomarin@gmail.com', NULL, 'NUEVA_EPS', 'ACTIVO', NULL, NULL, NULL, 'MARIA PAZ VASQUEZ GALEANO', '1094985203', 'HIJO_A', 'TARJETA_IDENTIDAD', 65),
(30, '3042972598', 'yulianagaleanomarin@gmail.com', NULL, 'NUEVA_EPS', 'ACTIVO', NULL, NULL, NULL, 'JORGE IGNACIO ROBLES GALEANO', '1094985202', 'HIJO_A', 'REGISTRO_CIVIL', 65),
(31, '3217434205', 'ldunoyer@gmail.com', NULL, 'EPS_SANITAS', 'ACTIVO', NULL, NULL, NULL, 'EDUARDO LORENZO DUNOYER CHAVEZ', '19343613', 'ESPOSO_A', 'CEDULA_CIUDADANIA', 68),
(32, '3155491100', 'grivera427@gmail.com', NULL, 'EPS_SANITAS', 'ACTIVO', NULL, NULL, NULL, 'GABRIEL RIVERA GRISALES', '7498179', 'ESPOSO_A', 'CEDULA_CIUDADANIA', 72),
(33, '3042036824', 'tirisaydelgado@icloud.com', NULL, 'EPS_SANITAS', 'ACTIVO', NULL, NULL, NULL, 'JULIAN CESAR ORTEGA MACA', '10292081', 'ESPOSO_A', 'CEDULA_CIUDADANIA', 58),
(34, '3148389371', 'cristianastudillo140515@gmail.com', NULL, 'NUEVA_EPS', 'ACTIVO', NULL, NULL, NULL, 'LIAM ASTUDILLO TROCHEZ', '1116380726', 'HIJO_A', 'TARJETA_IDENTIDAD', 75),
(35, '3104248586', 'kinizito@hotmail.com', NULL, 'EPS_SANITAS', 'ACTIVO', NULL, NULL, NULL, 'MARCELA CALVACHE GARCIA', '1094910063', 'ESPOSO_A', 'CEDULA_CIUDADANIA', 76),
(36, '3217237839', 'Jpimedadelapava@gmail.com', NULL, 'EPS_SANITAS', 'ACTIVO', NULL, NULL, NULL, 'JOAQUIN PINEDA CARDENAS', '1091208910', 'HIJO_A', 'REGISTRO_CIVIL', 79),
(37, '3192368673', 'joarguer@gmail.com', NULL, 'SALUD_TOTAL_EPS_SA', 'ACTIVO', NULL, NULL, NULL, 'MANUELA GUERRERO MONTOYA', '1192770043', 'HIJO_A', 'CEDULA_CIUDADANIA', 80),
(38, '3182481834', 'atascon30@hotmail.com', NULL, 'EPS_SANITAS', 'ACTIVO', NULL, NULL, NULL, 'OSCAR ALBERTO TASCON QUICENO', '6186478', 'PAPA', 'CEDULA_CIUDADANIA', 84),
(39, '3182481834', 'atascon30@hotmail.com', NULL, 'EPS_SANITAS', 'ACTIVO', NULL, NULL, NULL, 'MARTHA CECILIA RODRIGUEZ DE TASCON', '29280031', 'MAMA', 'CEDULA_CIUDADANIA', 84),
(40, '3114025021', 'vianilderosarodriguez2024@gmail.com', NULL, 'EPS_SANITAS', 'ACTIVO', NULL, NULL, NULL, 'RAMONA DEL CARMEN DIAS MALVACIA', '6279143', 'MAMA', 'PT', 85),
(41, '3105565655', 'dpaocely@hotmail.com', NULL, 'EPS_SANITAS', 'ACTIVO', NULL, NULL, NULL, 'DERLY PAOLA CELY RAMIREZ', '52235768', 'ESPOSO_A', 'CEDULA_CIUDADANIA', 64),
(42, '3124233847', 'rosa.rive2005@gmail.com', NULL, 'EPS_SANITAS', 'ACTIVO', NULL, NULL, NULL, 'JUAN JOSE RODRIGUEZ RIVERA', '1094891669', 'HIJO_A', 'CEDULA_CIUDADANIA', 87),
(43, '3174788126', 'andresmendoza993@gmail.com', NULL, 'EPS_SANITAS', 'ACTIVO', NULL, NULL, NULL, 'CAROLINA MANCIPE MARTINEZ', '1113311955', 'ESPOSO_A', 'CEDULA_CIUDADANIA', 88),
(44, '3174788126', 'andresmendoza993@gmail.com', NULL, 'EPS_SANITAS', 'ACTIVO', NULL, NULL, NULL, 'EMILIANA MENDOZA MANCIPE', '1094985652', 'HIJO_A', 'REGISTRO_CIVIL', 88),
(45, '3127447619', 'fervalmen@hotmail.com', NULL, 'EPS_SURA', 'ACTIVO', NULL, NULL, NULL, 'CLAUDIA JANNET LLANO FRANCO', '30318847', 'ESPOSO_A', 'CEDULA_CIUDADANIA', 89),
(46, '3146780293', 'anfaca2000@hotmail.com', NULL, 'EPS_SANITAS', 'ACTIVO', NULL, NULL, NULL, 'MAIA ALBARRACIN CONTRERAS', '1092868141', 'HIJO_A', 'REGISTRO_CIVIL', 90),
(47, '3155648323', 'lozanogladiz7@gmail.com', NULL, 'NUEVA_EPS', 'ACTIVO', NULL, NULL, NULL, 'GLADYS MARTHA LOZANO DE AMAYA', '24575047', 'ESPOSO_A', 'CEDULA_CIUDADANIA', 96),
(48, '3107550829', 'henryt1015@gmil.com', NULL, 'EPS_SANITAS', 'ACTIVO', NULL, NULL, NULL, 'MANUELA LOPEZ ANZOLA', '1092459690', 'HIJO_A', 'TARJETA_IDENTIDAD', 78),
(49, '3107550829', 'henryt1015@gmil.com', NULL, 'EPS_SANITAS', 'ACTIVO', NULL, NULL, NULL, 'GUIOVANNA ANDREA ANZOLA MARTINEZ', '41946028', 'ESPOSO_A', 'CEDULA_CIUDADANIA', 78),
(50, '3104073884', 'alejosoto93@gmail.com', NULL, 'EPS_SANITAS', 'ACTIVO', NULL, NULL, NULL, 'MARIA MERY URIBE DE SOTO', '25017984', 'MAMA', 'CEDULA_CIUDADANIA', 97),
(51, '3207418926', 'clau.garcia25res@gmail.com', NULL, 'EPS_SANITAS', 'ACTIVO', NULL, NULL, NULL, 'MAXIMILIANO LOPEZ GARCIA', '1095182779', 'HIJO_A', 'TARJETA_IDENTIDAD', 13),
(52, '3146780293', 'anfaca2000@hotmail.com', NULL, 'EPS_SANITAS', 'ACTIVO', NULL, NULL, NULL, 'LIZBET CONTRERAS', '6651141', 'ESPOSO_A', 'PT', 90),
(53, '3046177105', 'nicolnuevo7898@gmail.com', NULL, 'EPS_SANITAS', 'ACTIVO', NULL, NULL, NULL, 'JOSE MANUEL BUSTAMANTE VALENCIA', '1094978511', 'ESPOSO_A', 'CEDULA_CIUDADANIA', 108),
(54, '3113572971', NULL, NULL, 'EPS_SANITAS', 'ACTIVO', NULL, NULL, NULL, 'MICHELL MARTINEZ MAYA', '1094959941', 'ESPOSO_A', 'CEDULA_CIUDADANIA', 110),
(55, '310 6345466', 'jdhurtado96@gmail.com', NULL, 'NUEVA_EPS', 'ACTIVO', NULL, NULL, NULL, 'CLAUDIA PATRICIA HURTADO', '24996024', 'MAMA', 'CEDULA_CIUDADANIA', 107),
(56, '3235529733', 'andresierra470@gmail.com', NULL, 'EPS_SANITAS', 'ACTIVO', NULL, NULL, NULL, 'MARCO TULIO SIERRA', '16800889', 'ESPOSO_A', 'CEDULA_CIUDADANIA', 113),
(57, '3012865513', NULL, NULL, 'EPS_SANITAS', 'ACTIVO', NULL, NULL, NULL, 'GERONIMO BOLAÑOS', '6110093', 'ESPOSO_A', 'CEDULA_CIUDADANIA', 114),
(58, '3135932779', 'damianybob@gmail.com', NULL, 'EPS_SANITAS', 'ACTIVO', NULL, NULL, NULL, 'JHON JAMES ARENAS ', '9733108', 'ESPOSO_A', 'CEDULA_CIUDADANIA', 118),
(59, '3206607091', 'jh.moninestudios@hotmail.com', NULL, 'EPS_SANITAS', 'ACTIVO', NULL, NULL, NULL, 'SARA NICOL PEREZ DOMINGUEZ', '1095181495', 'HIJO_A', 'TARJETA_IDENTIDAD', 131),
(60, '3157591612', '1708lorena@gmail.com', NULL, 'EPS_SANITAS', 'ACTIVO', NULL, NULL, NULL, 'LUCIANA GARNICA HERRERA', '1094968169', 'HIJO_A', 'TARJETA_IDENTIDAD', 101),
(61, '3206607090', 'jh.moninestudios@hotmail.com', NULL, 'EPS_SANITAS', 'ACTIVO', NULL, NULL, NULL, 'NORALBA PEREZ MORENO ', '1097401026', 'ESPOSO_A', 'CEDULA_CIUDADANIA', 131),
(62, '3147961033', 'orlandoalfonso.info@gmail.com', NULL, 'EPS_SURA', 'ACTIVO', NULL, NULL, NULL, 'URANIA CRUZ VALENCIA', '24498258', 'ESPOSO_A', 'CEDULA_CIUDADANIA', 129),
(63, '3045414802', 'macpato168@hotmail.com', NULL, 'EPS_SANITAS', 'ACTIVO', NULL, NULL, NULL, 'MARIO GUILLERMO AYALA', '70518932', 'ESPOSO_A', 'CEDULA_CIUDADANIA', 95),
(64, '3013216468', 'alvaroagudelo2016@gmail.com', NULL, 'NUEVA_EPS', 'ACTIVO', NULL, NULL, NULL, 'MARIA DEL SOCORRO SERNA', '42001070', 'ESPOSO_A', 'CEDULA_CIUDADANIA', 145),
(65, '320 6248413', 'locumalaga@hotmail.com', NULL, 'EPS_SURA', 'ACTIVO', NULL, NULL, NULL, 'FANNY LUCUARA', '24569807', 'MAMA', 'CEDULA_CIUDADANIA', 149),
(66, '3024479888', 'yohannasanchez37@gmail.com', NULL, 'EPS_SANITAS', 'ACTIVO', NULL, NULL, NULL, 'SAMANTA SALAZAR BETANCURT ', '1125684644', 'HIJO_A', 'CEDULA_CIUDADANIA', 151),
(67, '3113713915', NULL, NULL, 'NUEVA_EPS', 'ACTIVO', NULL, NULL, NULL, 'NORALBA BETANCURT GRAJALES', '25022547', 'ESPOSO_A', 'CEDULA_CIUDADANIA', 152),
(68, '3105836496', 'a.r.iguaran@hotmail.com', NULL, 'EPS_SANITAS', 'ACTIVO', NULL, NULL, NULL, 'SANDRA PATRICIA LEON ', '22479438', 'ESPOSO_A', 'CEDULA_CIUDADANIA', 155),
(69, '3116140334', NULL, NULL, 'EPS_SANITAS', 'ACTIVO', NULL, NULL, NULL, 'LUZ MERY ALZATE', '41871331', 'ESPOSO_A', 'CEDULA_CIUDADANIA', 158),
(70, '3103083562', NULL, NULL, 'EPS_SURA', 'ACTIVO', NULL, NULL, NULL, 'MARIANA VASQUEZ BLANDON', '1115190085', 'HIJO_A', 'TARJETA_IDENTIDAD', 162),
(71, '3187287875', NULL, NULL, 'NUEVA_EPS', 'ACTIVO', NULL, NULL, NULL, 'JOSELYN JIROZAN ', '109246443', 'HIJO_A', 'TARJETA_IDENTIDAD', 157),
(72, '3168189734', 'arosmora42@yahoo.com', NULL, 'EPS_SANITAS', 'ACTIVO', NULL, NULL, NULL, 'DIEGO FERNANDO MORA MORA ', '6463979', 'ESPOSO_A', 'CEDULA_CIUDADANIA', 169),
(73, '3225213223', 'neriaherediachacon@gmail.com', NULL, 'EPS_SANITAS', 'ACTIVO', NULL, NULL, NULL, 'ELVIN ALEXANDER MOLINA CAMPO ', '6430505', 'ESPOSO_A', 'PT', 22),
(74, '3136134354', 'linagomez0703@gmail.com', NULL, 'EPS_SANITAS', 'ACTIVO', NULL, NULL, NULL, 'MARIA ANTONIA NIETO ARRUBLA ', '1094979336', 'HIJO_A', 'TARJETA_IDENTIDAD', 133),
(75, '3136874560', NULL, NULL, 'SALUD_TOTAL_EPS_SA', 'ACTIVO', NULL, NULL, NULL, 'MATEO MIRA URIBE ', '1113861400', 'HIJO_A', 'TARJETA_IDENTIDAD', 163),
(76, '3123610719', 'dianaacunamunoz@gmail.com', NULL, 'EPS_SANITAS', 'ACTIVO', NULL, NULL, NULL, 'DIANA NATALIA QUINTERO ACUÑA', '1141118172', 'HIJO_A', 'TARJETA_IDENTIDAD', 180),
(77, '3174389677', 'capeto_2007@hotmail.com', NULL, 'EPS_SURA', 'ACTIVO', NULL, NULL, NULL, 'GABRIELA BETANCURTH FLORIDO', '1091205672', 'HIJO_A', 'TARJETA_IDENTIDAD', 24),
(78, '3103738228', 'pacholda@hotmail.com', NULL, 'EPS_SANITAS', 'ACTIVO', NULL, NULL, NULL, 'ANTONIO GHIDELLI', '1094960703', 'ESPOSO_A', 'CEDULA_CIUDADANIA', 171),
(79, '3132376686', 'darianariascos17@gmail.com', NULL, 'EPS_SANITAS', 'ACTIVO', NULL, NULL, NULL, 'SARAI PATIÑO ', '1094985078', 'HIJO_A', 'REGISTRO_CIVIL', 181),
(80, '3174389677', 'capeto_2007@hotmail.com', NULL, 'EPS_SURA', 'ACTIVO', NULL, NULL, NULL, 'LUZ ADRIANAN FLORIDO SANCHEZ ', '41950424', 'ESPOSO_A', 'CEDULA_CIUDADANIA', 24),
(81, '3127856482', NULL, NULL, 'EPS_SANITAS', 'ACTIVO', NULL, NULL, NULL, 'MARIA EUGENIA HERREÑO ', '24813259', 'ESPOSO_A', 'CEDULA_CIUDADANIA', 186),
(82, '3136874560', 'gutierrez@gmail.com', NULL, 'SALUD_TOTAL_EPS_SA', 'ACTIVO', NULL, NULL, NULL, 'JUAN CAMILO MIRA ', '1192893829', 'HIJO_A', 'CEDULA_CIUDADANIA', 163),
(83, '3122117128', 'jose08betancorth@gmail.com', NULL, 'EPS_SANITAS', 'ACTIVO', NULL, NULL, NULL, 'MICHELLE DAIANA GONZALE SIERRA', '1109546453', 'HIJO_A', 'TARJETA_IDENTIDAD', 167),
(84, '3022188011', NULL, NULL, 'EPS_SANITAS', 'ACTIVO', NULL, NULL, NULL, 'YEISON DAVID MORENO LONDOÑO', '1030657981', 'ESPOSO_A', 'CEDULA_CIUDADANIA', 194),
(85, '3137847464', 'naranjo1224@hotmail.com', NULL, 'SERVICIO_OCCIDENTAL_DE_SALUD_EPS_SOS', 'ACTIVO', NULL, NULL, NULL, 'MARIA OFIR CARDONA CASTRO', '24658379', 'MAMA', 'CEDULA_CIUDADANIA', 196),
(86, '3103205488', 'elozada416@gmail.com', NULL, 'SALUD_TOTAL_EPS_SA', 'ACTIVO', NULL, NULL, NULL, 'LUISA FERNANDA MOLINA ', '1006117082', 'ESPOSO_A', 'CEDULA_CIUDADANIA', 199),
(87, '3007159018', 'mariahesa1994@gmail.com', NULL, 'EPS_SANITAS', 'ACTIVO', NULL, NULL, NULL, 'DULCE MARIA LOPEZ', '1035006873', 'HIJO_A', 'TARJETA_IDENTIDAD', 43),
(88, '3003876174', 'camilocolorado44@gmail.com', NULL, 'NUEVA_EPS', 'ACTIVO', NULL, NULL, NULL, 'JUAN CAMILO COLORADO', '1094950558', 'HIJO_A', 'CEDULA_CIUDADANIA', 200),
(89, '3157305674', 'central.citasserviconli@gmail.com', NULL, 'EPS_SANITAS', 'ACTIVO', NULL, NULL, NULL, 'ALDEMAR OSORIO TRUJILLO', '7501444', 'ESPOSO_A', 'CEDULA_CIUDADANIA', 40),
(90, '3113124135', 'sophiemedina@hotmail.com', NULL, 'EPS_SANITAS', 'ACTIVO', NULL, NULL, NULL, 'SOPHIE MEDINA GALLEGO ', '1092464272', 'HIJO_A', 'TARJETA_IDENTIDAD', 212);

-- --------------------------------------------------------

--
-- Estructura de tabla para la tabla `cotizantes`
--

CREATE TABLE `cotizantes` (
  `id` bigint(20) NOT NULL,
  `celular` varchar(255) DEFAULT NULL,
  `correo` varchar(255) DEFAULT NULL,
  `direccion_residencia` varchar(255) DEFAULT NULL,
  `eps` enum('ALIANSALUD_EPS','ANAS_WAYUU_EPSI','ASMET_SALUD','ASOCIACION_INDIGENA_DEL_CAUCA_EPSI','CAJACOPI_ATLANTICO','CAPITAL_SALUD_EPS_S','CAPRESOCA','COMFACHOCO','COMFAMILIAR_DE_LA_GUAJIRA','COMFAORIENTE','COMFENALCO','COMPENSAR_EPS','CONVIDA','COOSALUD_EPS_S','DUSAKAWI_EPSI','EPM_EMPRESAS_PUBLICAS_DE_MEDELLIN','EPS_FAMILIAR_DE_COLOMBIA','EPS_SANITAS','EPS_SURA','FAMISANAR','FONDO_DE_PASIVO_SOCIAL_DE_FERROCARRILES_NACIONALES_DE_COLOMBIA','MALLAMAS_EPSI','MUTUAL_SER','NUEVA_EPS','PIJAOS_SALUD_EPS','SALUD_MIA','SALUD_TOTAL_EPS_SA','SAVIA_SALUD_EPS','SERVICIO_OCCIDENTAL_DE_SALUD_EPS_SOS') NOT NULL,
  `estado_cotizante` enum('ACTIVO','INACTIVO') DEFAULT NULL,
  `fecha_expedicion` varchar(255) DEFAULT NULL,
  `fecha_nacimiento` varchar(255) DEFAULT NULL,
  `info_adicional` varchar(255) DEFAULT NULL,
  `nombre_completo` varchar(255) DEFAULT NULL,
  `numero_identificacion` varchar(255) DEFAULT NULL,
  `parentesco` enum('COTIZANTE','ESPOSO_A','HERMANO_A','HIJO_A','MAMA','PAPA') NOT NULL,
  `tipo_identificacion` enum('CEDULA_CIUDADANIA','CEDULA_EXTRANJERIA','PASAPORTE','PEP','PT','REGISTRO_CIVIL','TARJETA_IDENTIDAD') NOT NULL
) ENGINE=InnoDB DEFAULT CHARSET=utf8mb4 COLLATE=utf8mb4_general_ci;

--
-- Volcado de datos para la tabla `cotizantes`
--

INSERT INTO `cotizantes` (`id`, `celular`, `correo`, `direccion_residencia`, `eps`, `estado_cotizante`, `fecha_expedicion`, `fecha_nacimiento`, `info_adicional`, `nombre_completo`, `numero_identificacion`, `parentesco`, `tipo_identificacion`) VALUES
(2, '3116388640', 'xocampoh_165@cue.edu.co', 'puerto espejo mz 6 casa 3', 'EPS_SURA', 'ACTIVO', NULL, NULL, NULL, 'Prueba2', '11111111111', 'COTIZANTE', 'CEDULA_CIUDADANIA'),
(3, NULL, NULL, NULL, 'EPS_SANITAS', 'ACTIVO', NULL, NULL, NULL, 'CESAR AUGUSTO CAÑAS PATIÑO ', '79682315', 'COTIZANTE', 'CEDULA_CIUDADANIA'),
(4, '3245028555', 'shadowshadow22@hotmail.com', NULL, 'EPS_SANITAS', 'ACTIVO', NULL, NULL, NULL, 'NIDIA PATIÑO RENDON ', '24933808', 'COTIZANTE', 'CEDULA_CIUDADANIA'),
(5, '3116945319', 'osbaldocardona81@gmail.com', NULL, 'EPS_SANITAS', 'ACTIVO', NULL, NULL, NULL, 'Ubaldo Cardona Giralda', '7562835', 'COTIZANTE', 'CEDULA_CIUDADANIA'),
(6, '3205563660', 'bedoyadaniela569@gmail.com', NULL, 'EPS_SURA', 'ACTIVO', NULL, NULL, NULL, 'DANIELA BEDOYA HERNADEZ ', '1005253710', 'COTIZANTE', 'CEDULA_CIUDADANIA'),
(7, '3208912666', 'lizuva35@gmail.com', NULL, 'EPS_SANITAS', 'ACTIVO', NULL, NULL, NULL, 'LINA MARCELA ZULETA VALENCIA ', '41957826', 'COTIZANTE', 'CEDULA_CIUDADANIA'),
(8, '3122450690', 'tatysblandon1992@gmail.com', NULL, 'EPS_SANITAS', 'ACTIVO', NULL, NULL, NULL, 'LEIDY TATIANA BLANDON GIRALDO ', '1094929841', 'COTIZANTE', 'CEDULA_CIUDADANIA'),
(9, '3507697887', NULL, NULL, 'SERVICIO_OCCIDENTAL_DE_SALUD_EPS_SOS', 'ACTIVO', NULL, NULL, NULL, 'ELIZABETH BUITRAGO ROJAS ', '24572477', 'COTIZANTE', 'CEDULA_CIUDADANIA'),
(10, '3008276417', 'mlsherid@gmail.com', NULL, 'EPS_SANITAS', 'ACTIVO', NULL, NULL, NULL, 'MARTHA LILIANA VANEGAS MUÑOZ', '24661656', 'COTIZANTE', 'CEDULA_CIUDADANIA'),
(11, '3122450690', 'mariadelcarmengiraldosanchez@gmail.com', NULL, 'EPS_SANITAS', 'ACTIVO', NULL, NULL, NULL, 'MARIA DEL CARMEN GIRALDO', '41912776', 'COTIZANTE', 'CEDULA_CIUDADANIA'),
(12, '3104801951', 'danielalluna123@gmail.com', NULL, 'EPS_SANITAS', 'ACTIVO', NULL, NULL, NULL, 'YESSICA DANIELA  BERNAL LUNA ', '1094919740', 'COTIZANTE', 'CEDULA_CIUDADANIA'),
(13, '3207418926', 'clau.garcia25res@gmail.com', NULL, 'EPS_SANITAS', 'ACTIVO', NULL, NULL, NULL, 'JUAN DAVID LOPEZ MARIN ', '1097389411', 'COTIZANTE', 'CEDULA_CIUDADANIA'),
(14, '3154108061', 'cesarortegaa88@gmail.com', NULL, 'SALUD_TOTAL_EPS_SA', 'ACTIVO', NULL, NULL, NULL, 'CESAR AUGUSTO ORTGA MORALES ', '1107038551', 'COTIZANTE', 'CEDULA_CIUDADANIA'),
(15, '55171508', 'maritza-valderrama@hotmail.com', NULL, 'EPS_SANITAS', 'ACTIVO', NULL, NULL, NULL, 'MARITZA VALDERRAMA ', '55171508', 'COTIZANTE', 'CEDULA_CIUDADANIA'),
(16, '3148167548', 'cmaristizabal1998@gmail.com', NULL, 'NUEVA_EPS', 'ACTIVO', NULL, NULL, NULL, 'CLAUDIA MILENA ARISTIZABAL MUÑOZ ', '1096040268', 'COTIZANTE', 'CEDULA_CIUDADANIA'),
(17, '3217342467', NULL, NULL, 'NUEVA_EPS', 'ACTIVO', NULL, NULL, NULL, 'YUSNAIDA MARIA PINO GONZALEZ ', '5443400', 'COTIZANTE', 'PT'),
(18, '3136319666', NULL, NULL, 'SALUD_TOTAL_EPS_SA', 'ACTIVO', NULL, NULL, NULL, 'OSCAR EDUARDO MONOYA GOMEZ ', '1057757179', 'COTIZANTE', 'CEDULA_CIUDADANIA'),
(19, '3206197862', 'marioayalaagudelo04@gmail.com', NULL, 'EPS_SANITAS', 'ACTIVO', NULL, NULL, NULL, 'MARIO ALEJANDRO AYALA AGUDELO ', '1094909419', 'COTIZANTE', 'CEDULA_CIUDADANIA'),
(20, '3105233477', 'fundacionserconsejeria@gmail.com', NULL, 'ASMET_SALUD', 'ACTIVO', NULL, NULL, NULL, 'DIEGO ALEXANDER BARON BUITRAGO', '89008415', 'COTIZANTE', 'CEDULA_CIUDADANIA'),
(21, '3022982260', NULL, NULL, 'EPS_SURA', 'ACTIVO', NULL, NULL, NULL, 'VICTOR ALFONSO SALAZAR MUÑOZ ', '1094894746', 'COTIZANTE', 'CEDULA_CIUDADANIA'),
(22, '3225213223', 'neriaherediachacon@gmail.com', NULL, 'EPS_SANITAS', 'ACTIVO', NULL, NULL, NULL, 'NERIA CLEOTIRDE HEREDIA ', '5714894', 'COTIZANTE', 'PT'),
(23, '3008609170', 'central.citasserviconli@gmail.com', NULL, 'NUEVA_EPS', 'ACTIVO', NULL, NULL, NULL, 'VERASUSANA PEROZO PATIÑO ', '5003419', 'COTIZANTE', 'PT'),
(24, '3174389677', 'capeto_2007@hotmail.com', NULL, 'EPS_SURA', 'ACTIVO', NULL, NULL, NULL, 'CARLOS ALBERTO LOPEZ PINEDA ', '89004855', 'COTIZANTE', 'CEDULA_CIUDADANIA'),
(25, '3167238632', 'Juliyanito77@gimail.com', NULL, 'EPS_SANITAS', 'ACTIVO', NULL, NULL, NULL, 'JULIANA GONZALEZ OSORIO ', '41937841', 'COTIZANTE', 'CEDULA_CIUDADANIA'),
(26, '3108632701', 'sirleymv015@gmail.com', NULL, 'EPS_SANITAS', 'ACTIVO', NULL, NULL, NULL, 'EDWIN JULIAN MEDINA ', '79913927', 'COTIZANTE', 'CEDULA_CIUDADANIA'),
(27, '3105831642', 'dianamarias1@icloud.com', NULL, 'EPS_SANITAS', 'ACTIVO', NULL, NULL, NULL, 'DIANA MARIA LOPEZ SANCHEZ', '25099617', 'COTIZANTE', 'CEDULA_CIUDADANIA'),
(28, '3212932936', 'sandramilenaortegaerazo@gmail.com', NULL, 'NUEVA_EPS', 'ACTIVO', NULL, NULL, NULL, 'SANDRA MILENA ORTEGA ERAZO', '41939312', 'COTIZANTE', 'CEDULA_CIUDADANIA'),
(29, '3218296998', 'olmg1963@gmail.com', NULL, 'EPS_SANITAS', 'ACTIVO', NULL, NULL, NULL, 'JULIO CESAR GAVIERIA AGURRE', '7541762', 'COTIZANTE', 'CEDULA_CIUDADANIA'),
(30, '3118484862', 'eiderfab@hotmail.com', NULL, 'EPS_SANITAS', 'ACTIVO', NULL, NULL, NULL, 'EIDER FABIAN VERA CARDOSO', '1111193046', 'COTIZANTE', 'CEDULA_CIUDADANIA'),
(31, '3193652707', NULL, NULL, 'EPS_SURA', 'ACTIVO', NULL, NULL, NULL, 'CARLOS ANDRES MUNEVAR OSPINA ', '79784247', 'COTIZANTE', 'CEDULA_CIUDADANIA'),
(32, '3104229109', 'polania21@hotmail.com', NULL, 'EPS_SANITAS', 'ACTIVO', NULL, NULL, NULL, 'LINA MARIA GIRALDO POLANIA ', '41934067', 'COTIZANTE', 'CEDULA_CIUDADANIA'),
(33, NULL, NULL, NULL, 'EPS_SANITAS', 'ACTIVO', NULL, NULL, NULL, 'SONIA LILIANA REBELLON TORRES  ', '39784809', 'COTIZANTE', 'CEDULA_CIUDADANIA'),
(34, '3135498826', NULL, NULL, 'EPS_SANITAS', 'ACTIVO', NULL, NULL, NULL, 'JAIME ENRIQUE ARIAS LOPEZ ', '6207863', 'COTIZANTE', 'CEDULA_CIUDADANIA'),
(35, '3148205933', NULL, NULL, 'EPS_SANITAS', 'ACTIVO', NULL, NULL, NULL, 'SANDRA PATRICIA ORTEGA ', '1006242824', 'COTIZANTE', 'CEDULA_CIUDADANIA'),
(36, '3168692030', 'sandypapo-80@hotmail.es', NULL, 'SERVICIO_OCCIDENTAL_DE_SALUD_EPS_SOS', 'ACTIVO', NULL, NULL, NULL, 'SANDRA MILENA CAMARGO ', '41947618', 'COTIZANTE', 'CEDULA_CIUDADANIA'),
(37, '3005280825', NULL, NULL, 'EPS_SANITAS', 'ACTIVO', NULL, NULL, NULL, 'MARIA PASTORA BRAVO CORTES ', '24572898', 'COTIZANTE', 'CEDULA_CIUDADANIA'),
(38, '3117199685', 'mafero62@gmail.com', NULL, 'EPS_SURA', 'ACTIVO', NULL, NULL, NULL, 'MARIA FERNANDA RODRIGUEZ RAMIREZ ', '38860752', 'COTIZANTE', 'CEDULA_CIUDADANIA'),
(39, NULL, NULL, NULL, 'EPS_SANITAS', 'ACTIVO', NULL, NULL, NULL, 'GLORIA ISABEL LOPEZ LOPEZ ', '31421202', 'COTIZANTE', 'CEDULA_CIUDADANIA'),
(40, '3157305674', 'central.citasserviconli@gmail.com', NULL, 'EPS_SANITAS', 'ACTIVO', NULL, NULL, NULL, 'ALEYDA BUITRAGO MARIN ', '31132925', 'COTIZANTE', 'CEDULA_CIUDADANIA'),
(41, '3004548902', 'nat.zuluagaa@gmail.com', NULL, 'EPS_SANITAS', 'ACTIVO', NULL, NULL, NULL, 'NATALIA ZULUAGA ARIAS ', '1014259798', 'COTIZANTE', 'CEDULA_CIUDADANIA'),
(42, '3146118784', 'Natahoyos1989@gmail.com', NULL, 'EPS_SURA', 'ACTIVO', NULL, NULL, NULL, 'CARLOTA HERRERA CASTAÑO ', '31901822', 'COTIZANTE', 'CEDULA_CIUDADANIA'),
(43, '3007159018', 'mariahesa1994@gmail.com', NULL, 'EPS_SANITAS', 'ACTIVO', NULL, NULL, NULL, 'MARIA MERCEDES HERRERA SASTRES ', '1094945736', 'COTIZANTE', 'CEDULA_CIUDADANIA'),
(44, '3233432518', 'paolanataliameneses@gmail.com', NULL, 'EPS_SANITAS', 'ACTIVO', NULL, NULL, NULL, 'DARWIN ALFONSO MORA PINEDA ', '9739599', 'COTIZANTE', 'CEDULA_CIUDADANIA'),
(45, '3154069629', 'martaarodri24@gmail.com', NULL, 'EPS_SURA', 'ACTIVO', NULL, NULL, NULL, 'MARTHA LUCIA SOTO RODRIGUEZ', '41897526', 'COTIZANTE', 'CEDULA_CIUDADANIA'),
(46, '3106500168', 'mali814@hotmail.com', NULL, 'EPS_SANITAS', 'ACTIVO', NULL, NULL, NULL, 'MARTHA LILIANA ESCOBAR CANO', '42067549', 'COTIZANTE', 'CEDULA_CIUDADANIA'),
(47, '3122944999', 'nancyfami@hotmail.com', NULL, 'EPS_SANITAS', 'ACTIVO', NULL, NULL, NULL, 'JESUS EMILIO GUTIERREZ FAJARDO', '9775483', 'COTIZANTE', 'CEDULA_CIUDADANIA'),
(48, '3244294306', 'efrain6565@yahoo.com', NULL, 'EPS_SANITAS', 'ACTIVO', NULL, NULL, NULL, 'EFRAIN FUENTES', '4426815', 'COTIZANTE', 'CEDULA_CIUDADANIA'),
(49, '3142036342', 'sandramilenaolayarodrigues@gmail.com', NULL, 'NUEVA_EPS', 'ACTIVO', NULL, NULL, NULL, 'SANDRA MILENA OLAYA RODRIGUEZ', '1121198186', 'COTIZANTE', 'CEDULA_CIUDADANIA'),
(50, '3206096131', 'carmenlucia74@gmail.com', NULL, 'EPS_SANITAS', 'ACTIVO', NULL, NULL, NULL, 'CARMEN LUCIA OROZCO HILARION', '24570459', 'COTIZANTE', 'CEDULA_CIUDADANIA'),
(51, '3022877489', 'estrada032501l@gmail.com', NULL, 'SALUD_TOTAL_EPS_SA', 'ACTIVO', NULL, NULL, NULL, 'LAURA CAMILA ESTRADA LONDOÑO', '1004738883', 'COTIZANTE', 'CEDULA_CIUDADANIA'),
(52, '3206304614', 'andreacardona74@hotmailcom', NULL, 'EPS_SANITAS', 'ACTIVO', NULL, NULL, NULL, 'HERMAN DE JESUS ROMAN TABARES', '18413549', 'COTIZANTE', 'CEDULA_CIUDADANIA'),
(53, '3125367536', 'mima51953@gmail.com', NULL, 'EPS_SANITAS', 'ACTIVO', NULL, NULL, NULL, 'IRMA BETANCOURT MUÑOZ', '24483810', 'COTIZANTE', 'CEDULA_CIUDADANIA'),
(54, '3136997483', 'amandagiraldo13@hotmail.com', NULL, 'EPS_SANITAS', 'ACTIVO', NULL, NULL, NULL, 'AMANDA GIRALDO ARIAS', '24469238', 'COTIZANTE', 'CEDULA_CIUDADANIA'),
(55, '3122371641', 'auroraquindiana@hotmail.com', NULL, 'EPS_SANITAS', 'ACTIVO', NULL, NULL, NULL, 'MARIA ANGELES IBAÑEZ SANCHEZ', '406786', 'COTIZANTE', 'CEDULA_EXTRANJERIA'),
(56, '3054740739', 'veromora83@hotmail.com', NULL, 'EPS_SURA', 'ACTIVO', NULL, NULL, NULL, 'MERCEDES CECILIA  MORA MORALES', '42873044', 'COTIZANTE', 'CEDULA_CIUDADANIA'),
(57, '3042036824', 'natalia.chaux@hotmail.com', NULL, 'NUEVA_EPS', 'ACTIVO', NULL, NULL, NULL, 'MARY MAGALI ORTEGA', '34557485', 'COTIZANTE', 'CEDULA_CIUDADANIA'),
(58, '3117204780', 'tirisaydelgado@icloud.com', NULL, 'EPS_SANITAS', 'ACTIVO', NULL, NULL, NULL, 'TIRISAY DELGADO DIAZ', '34562432', 'COTIZANTE', 'CEDULA_CIUDADANIA'),
(59, '3105831642', 'dianamarias1@icloud.com', NULL, 'EPS_SANITAS', 'ACTIVO', NULL, NULL, NULL, 'OCTAVIO IDARRAGA BETANCUR', '10218230', 'COTIZANTE', 'CEDULA_CIUDADANIA'),
(60, '3165528233', 'tobongustavo07@gmail.com', NULL, 'EPS_SANITAS', 'ACTIVO', NULL, NULL, NULL, 'AMPARO SIERRA DE TOBON', '41892299', 'COTIZANTE', 'CEDULA_CIUDADANIA'),
(61, '3136319997', NULL, NULL, 'EPS_SANITAS', 'ACTIVO', NULL, NULL, NULL, 'SANDRA PATRICIA MARTINEZ MARULANDA', '66719079', 'COTIZANTE', 'CEDULA_CIUDADANIA'),
(62, '3203852810', 'nat.zuluagaa@gmail.com', NULL, 'SALUD_TOTAL_EPS_SA', 'ACTIVO', NULL, NULL, NULL, 'MARIA NUBIOLA ZULUAGA ECHEVERRY', '24433645', 'COTIZANTE', 'CEDULA_CIUDADANIA'),
(63, '3103970070', NULL, NULL, 'EPS_SANITAS', 'ACTIVO', NULL, NULL, NULL, 'DANIEL DUQUE AGUIRRE', '6158872', 'COTIZANTE', 'CEDULA_CIUDADANIA'),
(64, NULL, NULL, NULL, 'EPS_SANITAS', 'ACTIVO', NULL, NULL, NULL, 'HERNAN ALBEIRO CORTEZ RUIZ', '79459789', 'COTIZANTE', 'CEDULA_CIUDADANIA'),
(65, '3042972598', 'yulianagaleanomarin@gmail.com', NULL, 'NUEVA_EPS', 'ACTIVO', NULL, NULL, NULL, 'AURA YULIANA GALEANO MARIN', '1094902541', 'COTIZANTE', 'CEDULA_CIUDADANIA'),
(66, '3102372844', 'elsaleona@gmail.com', NULL, 'EPS_SANITAS', 'ACTIVO', NULL, NULL, NULL, 'ELSA MARIA JARAMILLO DE RAMIREZ', '21067969', 'COTIZANTE', 'CEDULA_CIUDADANIA'),
(67, '3122586613', 'tisimon.22@gmail.com', NULL, 'NUEVA_EPS', 'ACTIVO', NULL, NULL, NULL, 'MARIA ARGENTINA RODRIGUEZ MONTES', '25020047', 'COTIZANTE', 'CEDULA_CIUDADANIA'),
(68, NULL, NULL, NULL, 'EPS_SANITAS', 'ACTIVO', NULL, NULL, NULL, 'SANDRA YANNET ECHEVERRY GOMEZ', '43738793', 'COTIZANTE', 'CEDULA_CIUDADANIA'),
(69, '3105035661', 'halima3846@hotmail.com', NULL, 'EPS_SANITAS', 'ACTIVO', NULL, NULL, NULL, 'ANA ISABEL GARZON MORENO', '31407529', 'COTIZANTE', 'CEDULA_CIUDADANIA'),
(70, '3218331463', 'anaranjov65@gmail.com', NULL, 'EPS_SURA', 'ACTIVO', NULL, NULL, NULL, 'ALVEIRO NARANJO VEGA', '7552098', 'COTIZANTE', 'CEDULA_CIUDADANIA'),
(71, '3235131435', 'nelsonarias425@gmail.com', NULL, 'EPS_SANITAS', 'ACTIVO', NULL, NULL, NULL, 'NELSON ARIAS SANTA', '18410003', 'COTIZANTE', 'CEDULA_CIUDADANIA'),
(72, NULL, NULL, NULL, 'EPS_SANITAS', 'ACTIVO', NULL, NULL, NULL, 'ROSALBA JARAMILLO DE RIVERA', '24462591', 'COTIZANTE', 'CEDULA_CIUDADANIA'),
(73, '3117498809', 'gloriainesvalencia24@gmail.com', NULL, 'EPS_SANITAS', 'ACTIVO', NULL, NULL, NULL, 'GLORIA INES VALENCIA ALZATE', '24497317', 'COTIZANTE', 'CEDULA_CIUDADANIA'),
(74, '3163113120', 'joblue1985@gmail.com', NULL, 'EPS_SANITAS', 'ACTIVO', NULL, NULL, NULL, 'JORGE OMAR PEREZ BOLIVAR', '15915681', 'COTIZANTE', 'CEDULA_CIUDADANIA'),
(75, '3148389371', NULL, NULL, 'NUEVA_EPS', 'ACTIVO', NULL, NULL, NULL, 'CRISTIAN ANDRES ASTUDILLO VASQUEZ', '1118296728', 'COTIZANTE', 'CEDULA_CIUDADANIA'),
(76, NULL, NULL, NULL, 'EPS_SANITAS', 'ACTIVO', NULL, NULL, NULL, 'CARLOS ALBERTO APARICIO', '1094896566', 'COTIZANTE', 'CEDULA_CIUDADANIA'),
(77, '3165344415', 'mariaaurora2009@gmail.com', NULL, 'EPS_SANITAS', 'ACTIVO', NULL, NULL, NULL, 'MARIA AURORA RODRIGUEZ SANDOVAL', '1127336518', 'COTIZANTE', 'CEDULA_CIUDADANIA'),
(78, '3107550829', 'henryt1015@gmil.com', NULL, 'EPS_SANITAS', 'ACTIVO', NULL, NULL, NULL, 'HENRY EDUARDO LOPEZ', '9727898', 'COTIZANTE', 'CEDULA_CIUDADANIA'),
(79, '3217237839', 'Jpimedadelapava@gmail.com', NULL, 'EPS_SANITAS', 'ACTIVO', NULL, NULL, NULL, 'VALENTINA CARDENAS MARIN', '1005095510', 'COTIZANTE', 'CEDULA_CIUDADANIA'),
(80, NULL, NULL, NULL, 'SALUD_TOTAL_EPS_SA', 'ACTIVO', NULL, NULL, NULL, 'JORGE ARCESIO GUERRERO ROJAS', '18494458', 'COTIZANTE', 'CEDULA_CIUDADANIA'),
(81, '3188462073', 'tifanysmakeup@gmail.com', NULL, 'EPS_SANITAS', 'ACTIVO', NULL, NULL, NULL, 'ESTEFANIA FARFAN SABOGAL', '1097398901', 'COTIZANTE', 'CEDULA_CIUDADANIA'),
(82, '3128958312', 'juanma_perez04@hotmail.com', NULL, 'EPS_SANITAS', 'ACTIVO', NULL, NULL, NULL, 'LUZ ELENA PELAEZ ALZATE', '25016336', 'COTIZANTE', 'CEDULA_CIUDADANIA'),
(83, NULL, NULL, NULL, 'EPS_SANITAS', 'ACTIVO', NULL, NULL, NULL, 'DOLLY RESTREPO OSPINA', '41891291', 'COTIZANTE', 'CEDULA_CIUDADANIA'),
(84, '3182481834', 'atascon30@hotmail.com', NULL, 'EPS_SANITAS', 'ACTIVO', NULL, NULL, NULL, 'ALFREDO IGNACIO TASCON RODRIGUEZ ', '14891855', 'COTIZANTE', 'CEDULA_CIUDADANIA'),
(85, NULL, NULL, NULL, 'EPS_SANITAS', 'ACTIVO', NULL, NULL, NULL, 'VIANILDE ROSA RODRIGUEZ DE ZAMBRANO', '6279071', 'COTIZANTE', 'PT'),
(86, '3232243535', 'mariotorresv57@gmail.com', NULL, 'EPS_SANITAS', 'ACTIVO', NULL, NULL, NULL, 'MARIO TORRES VELASQUEZ', '7524204', 'COTIZANTE', 'CEDULA_CIUDADANIA'),
(87, '3124233847', 'rosa.rive2005@gmail.com', NULL, 'EPS_SANITAS', 'ACTIVO', NULL, NULL, NULL, 'ROSALBA RIVERA JARAMILLO', '41914824', 'COTIZANTE', 'CEDULA_CIUDADANIA'),
(88, '3174788126', 'andresmendoza993@gmail.com', NULL, 'EPS_SANITAS', 'ACTIVO', NULL, NULL, NULL, 'ANDRES FELIPE MENDOZA VALENCIA', '1094883797', 'COTIZANTE', 'CEDULA_CIUDADANIA'),
(89, NULL, NULL, NULL, 'EPS_SURA', 'ACTIVO', NULL, NULL, NULL, 'JOSE FERNANDO VALENZUELA MENESES', '402113', 'COTIZANTE', 'CEDULA_EXTRANJERIA'),
(90, NULL, NULL, NULL, 'EPS_SANITAS', 'ACTIVO', NULL, NULL, NULL, 'ANDRES FELIPE ALBARRACIN CASTRILLON', '94400887', 'COTIZANTE', 'CEDULA_CIUDADANIA'),
(91, '3015036342', 'elionaismina@yahoo.com', NULL, 'EPS_SANITAS', 'ACTIVO', NULL, NULL, NULL, 'JOSE ELIONAYS MINA LOPEZ', '9808896', 'COTIZANTE', 'CEDULA_CIUDADANIA'),
(92, '3136997483', 'amandagiraldo13@hotmail.com', NULL, 'EPS_SANITAS', 'ACTIVO', NULL, NULL, NULL, 'MARIELA GIRALDO ARIAS', '24477963', 'COTIZANTE', 'CEDULA_CIUDADANIA'),
(93, '3176491130', 'adielalopez@gmail.com', NULL, 'EPS_SANITAS', 'ACTIVO', NULL, NULL, NULL, 'ADIELA LOPEZ SANCHEZ', '25096599', 'COTIZANTE', 'CEDULA_CIUDADANIA'),
(94, '3206798976', NULL, NULL, 'EPS_SANITAS', 'ACTIVO', NULL, NULL, NULL, 'LUISA FERNANDA GARZON', '1097403226', 'COTIZANTE', 'CEDULA_CIUDADANIA'),
(95, '3045414802', 'macpato168@hotmail.com', NULL, 'EPS_SANITAS', 'ACTIVO', NULL, NULL, NULL, 'HILDA LEDY AGUDELO SUAZA', '41923684', 'COTIZANTE', 'CEDULA_CIUDADANIA'),
(96, '3155648323', 'lozanogladiz7@gmail.com', NULL, 'NUEVA_EPS', 'ACTIVO', NULL, NULL, NULL, 'NACIANSENO AMAYA', '2459563', 'COTIZANTE', 'CEDULA_CIUDADANIA'),
(97, NULL, 'alejosoto93@gmail.com', NULL, 'EPS_SANITAS', 'ACTIVO', NULL, NULL, NULL, 'ALEJANDRO SOTO URIBE', '1097037480', 'COTIZANTE', 'CEDULA_CIUDADANIA'),
(98, '3128335573', NULL, NULL, 'EPS_SANITAS', 'ACTIVO', NULL, NULL, NULL, 'MYRIAM VARON ROJAS', '21229185', 'COTIZANTE', 'CEDULA_CIUDADANIA'),
(99, '3178054441', 'andre26lm@hotmail.com', NULL, 'EPS_SANITAS', 'ACTIVO', NULL, NULL, NULL, 'LUIS GUSTAVO LOPEZ VALENCIA', '7514501', 'COTIZANTE', 'CEDULA_CIUDADANIA'),
(100, '3217478290', NULL, NULL, 'EPS_SANITAS', 'ACTIVO', NULL, NULL, NULL, 'ALVARO HERRERA CASTELLANOS', '7511325', 'COTIZANTE', 'CEDULA_CIUDADANIA'),
(101, '3157591612', '1708lorena@gmail.com', NULL, 'EPS_SANITAS', 'ACTIVO', NULL, NULL, NULL, 'CLAUDIA LORENA HERRERA MURILLO', '1094929613', 'COTIZANTE', 'CEDULA_CIUDADANIA'),
(102, '3205214798', 'aurabetancourth38@gmail.com', NULL, 'EPS_SANITAS', 'ACTIVO', NULL, NULL, NULL, 'MARIA AURA CORREA BETANCOURT', '41944452', 'COTIZANTE', 'CEDULA_CIUDADANIA'),
(103, '3127394086', 'rinconr2001@hotmail.com', NULL, 'EPS_SANITAS', 'ACTIVO', NULL, NULL, NULL, 'RODRIGO RINCON OSPINA', '10072153', 'COTIZANTE', 'CEDULA_CIUDADANIA'),
(104, '3122375756', 'marcezamorav27@gmail.com', NULL, 'EPS_SANITAS', 'ACTIVO', NULL, NULL, NULL, 'ROSA AMELIA VALENCIA OROZCO', '25016389', 'COTIZANTE', 'CEDULA_CIUDADANIA'),
(105, '3163113120', 'joblue1985@gmail.com', NULL, 'EPS_SANITAS', 'ACTIVO', NULL, NULL, NULL, 'OSCAR DE JESUS PEREZ BOLIVAR', '15912738', 'COTIZANTE', 'CEDULA_CIUDADANIA'),
(106, '3157777724', 'moras748@gmail.com', NULL, 'EPS_SANITAS', 'ACTIVO', NULL, NULL, NULL, 'ROOSEVELT UPEGUI RENGIFO', '7522371', 'COTIZANTE', 'CEDULA_CIUDADANIA'),
(107, '3106345466', 'jdhurtado96@gmail.com', NULL, 'EPS_SURA', 'ACTIVO', NULL, NULL, NULL, 'JUAN DIEGO MEDINA HURTADO', '1094728676', 'COTIZANTE', 'CEDULA_CIUDADANIA'),
(108, '3046177105', 'nicolnuevo7898@gmail.com', NULL, 'EPS_SANITAS', 'ACTIVO', NULL, NULL, NULL, 'NICOL ANDREA LOPEZ ANZOLA', '1004827175', 'COTIZANTE', 'CEDULA_CIUDADANIA'),
(109, '3122636605', 'anacrispala@hotmail.com', NULL, 'EPS_SANITAS', 'ACTIVO', NULL, NULL, NULL, 'GLORIA INES GALLEGO', '24675078', 'COTIZANTE', 'CEDULA_CIUDADANIA'),
(110, NULL, NULL, NULL, 'EPS_SANITAS', 'ACTIVO', NULL, NULL, NULL, 'JUAN SEBASTIAN MORALES RESTREPO', '1094957047', 'COTIZANTE', 'CEDULA_CIUDADANIA'),
(111, '3136181251', 'central.citasserviconli@gmail.com', NULL, 'EPS_SANITAS', 'ACTIVO', NULL, NULL, NULL, 'JOSE YESID SANCHEZ CEPEDA', '7533034', 'COTIZANTE', 'CEDULA_CIUDADANIA'),
(112, '3146747120', NULL, NULL, 'EPS_SANITAS', 'ACTIVO', NULL, NULL, NULL, 'HERNANDO JIMENEZ', '19470127', 'COTIZANTE', 'CEDULA_CIUDADANIA'),
(113, NULL, NULL, NULL, 'EPS_SANITAS', 'ACTIVO', NULL, NULL, NULL, 'ELIZABETH MOSQUERA ', '31399065', 'COTIZANTE', 'CEDULA_CIUDADANIA'),
(114, '3012865513', NULL, NULL, 'EPS_SANITAS', 'ACTIVO', NULL, NULL, NULL, 'MARIA TERESA RUBIO VILLA ', '29135421', 'COTIZANTE', 'CEDULA_CIUDADANIA'),
(115, '3024479888', 'facturaciongranjalasofia@gmail.com', NULL, 'EPS_SANITAS', 'ACTIVO', NULL, NULL, NULL, 'LEIDY YOHANNA SANCHEZ BETANCUR ', '1054918590', 'COTIZANTE', 'CEDULA_CIUDADANIA'),
(116, '316 4458989', NULL, NULL, 'EPS_SANITAS', 'ACTIVO', NULL, NULL, NULL, 'CARLOS ALBERTO ACERO CASTELLANO', '70069969', 'COTIZANTE', 'CEDULA_CIUDADANIA'),
(117, '3102593224', 'camilag0229@gmail.com', NULL, 'EPS_SANITAS', 'ACTIVO', NULL, NULL, NULL, 'CAMILA ALEJANDRA GOMEZ', '1099684006', 'COTIZANTE', 'CEDULA_CIUDADANIA'),
(118, '3135932779', 'damianybob@gmail.com', NULL, 'EPS_SANITAS', 'ACTIVO', NULL, NULL, NULL, 'YOLANDA PINEDA ARIAS ', '41902247', 'COTIZANTE', 'CEDULA_CIUDADANIA'),
(119, '3104724721', NULL, NULL, 'EPS_SANITAS', 'ACTIVO', NULL, NULL, NULL, 'LUZ MARINA MEJIA URREA', '35459459', 'COTIZANTE', 'CEDULA_CIUDADANIA'),
(120, NULL, NULL, NULL, 'EPS_SURA', 'ACTIVO', NULL, NULL, NULL, 'GLORIA MERCEDES OCAMPO', '20312827', 'COTIZANTE', 'CEDULA_CIUDADANIA'),
(121, '310 3613892', NULL, NULL, 'EPS_SANITAS', 'ACTIVO', NULL, NULL, NULL, 'MARTHA LUCIA LONDOÑO', '41885876', 'COTIZANTE', 'CEDULA_CIUDADANIA'),
(122, '3203728438', 'karita.0306@gmail.com', NULL, 'EPS_SANITAS', 'ACTIVO', NULL, NULL, NULL, 'BLANCA GLADYS OCAMPO', '40378504', 'COTIZANTE', 'CEDULA_CIUDADANIA'),
(123, '3216905922', 'jaguirre@vo5.co', NULL, 'EPS_SURA', 'ACTIVO', NULL, NULL, NULL, 'LUZ ESTELLA GIRALDO AGUIRRE', '30352973', 'COTIZANTE', 'CEDULA_CIUDADANIA'),
(124, '3136181251', 'central.citasserviconli@gmail.com', NULL, 'EPS_SANITAS', 'ACTIVO', NULL, NULL, NULL, 'JOSE YESID SANCHEZ CEPEDA', '18469307', 'COTIZANTE', 'CEDULA_CIUDADANIA'),
(125, '3212128707', NULL, NULL, 'NUEVA_EPS', 'ACTIVO', NULL, NULL, NULL, 'LUZ AIDA CASTRO VILLEGAS', '24604876', 'COTIZANTE', 'CEDULA_CIUDADANIA'),
(126, '3232911402', 'marcezamorav27@gmail.com', NULL, 'EPS_SANITAS', 'ACTIVO', NULL, NULL, NULL, 'CARLOS RAYMUNDO CRUZ ', '8059791', 'COTIZANTE', 'CEDULA_EXTRANJERIA'),
(127, ' 310 3875906', NULL, NULL, 'EPS_SANITAS', 'ACTIVO', NULL, NULL, NULL, 'LUZ MARIELA LEON ROJAS', '41899678', 'COTIZANTE', 'CEDULA_CIUDADANIA'),
(128, '3123106826', 's.yuliethreyes@icloud.com', NULL, 'EPS_SURA', 'ACTIVO', NULL, NULL, NULL, 'SANDRA YULIETH REYEZ PUERTA', '25120668', 'COTIZANTE', 'CEDULA_CIUDADANIA'),
(129, '3147961033', 'orlandoalfonso.info@gmail.com', NULL, 'EPS_SURA', 'ACTIVO', NULL, NULL, NULL, 'ORLANDO ALFONSO BENITEZ', '4375482', 'COTIZANTE', 'CEDULA_CIUDADANIA'),
(130, '3108247231', 'ghernandezquintero0@gmail.com', NULL, 'EPS_SANITAS', 'ACTIVO', NULL, NULL, NULL, 'CONSUELO CASTAÑO QUINTERO', '24475549', 'COTIZANTE', 'CEDULA_CIUDADANIA'),
(131, '3206607091', 'jh.moninestudios@hotmail.com', NULL, 'EPS_SANITAS', 'ACTIVO', NULL, NULL, NULL, 'JHON HENRY DOMINGUEZ CEBALLOS', '7550392', 'COTIZANTE', 'CEDULA_CIUDADANIA'),
(132, '3136884890', 'paolasuarez281@outlook.com', NULL, 'EPS_SANITAS', 'ACTIVO', NULL, NULL, NULL, 'PAOLA SUAREZ FLOREZ', '1116240971', 'COTIZANTE', 'CEDULA_CIUDADANIA'),
(133, '3136134353', 'linagomez0703@gmail.com', NULL, 'EPS_SANITAS', 'ACTIVO', NULL, NULL, NULL, 'LINA MARIA GOMEZ ARRUBLA ', '1094938581', 'COTIZANTE', 'CEDULA_CIUDADANIA'),
(134, '3147007814', 'nancyramirez1520@gmail.com', NULL, 'EPS_SURA', 'ACTIVO', NULL, NULL, NULL, 'LUZ NANCY GUTIERREZ RAMIREZ', '41919606', 'COTIZANTE', 'CEDULA_CIUDADANIA'),
(135, '3243608211', 'luiszuniga1723@yahoo.com', NULL, 'EPS_SURA', 'ACTIVO', NULL, NULL, NULL, 'FERNAEY DE JESUS OSORIO MUÑOZ', '71605099', 'COTIZANTE', 'CEDULA_CIUDADANIA'),
(136, '3124438361', 'c.ebera@gmail.co', NULL, 'EPS_SANITAS', 'ACTIVO', NULL, NULL, NULL, 'CARLOS EBER ARIAS VILLEGAS', '70382169', 'COTIZANTE', 'CEDULA_CIUDADANIA'),
(137, '3136884890', 'paolasuarez281@outlook.com', NULL, 'EPS_SANITAS', 'ACTIVO', NULL, NULL, NULL, 'FABIAN ANDRES VELEZ DUQUE ', '94153976', 'COTIZANTE', 'CEDULA_CIUDADANIA'),
(138, '3045203463', 'gloriaqually@yahoo.com', NULL, 'NUEVA_EPS', 'ACTIVO', NULL, NULL, NULL, 'LOWELL DEAN QUALLY', '7688840', 'COTIZANTE', 'CEDULA_EXTRANJERIA'),
(139, '3202882157', 'juan.rodriguez.mejia@gmail.com', NULL, 'EPS_SURA', 'ACTIVO', NULL, NULL, NULL, 'JUAN FERNANDO RODRIGUEZ MEJIA', '76314432', 'COTIZANTE', 'CEDULA_CIUDADANIA'),
(140, '3007853765', 'glorialuz1280@hotmail.com', NULL, 'EPS_SANITAS', 'ACTIVO', NULL, NULL, NULL, 'GLORIA LUZ CATAÑO CARDONA', '30346615', 'COTIZANTE', 'CEDULA_CIUDADANIA'),
(141, '3008614244', 'riconc4265@gmail.com', NULL, 'EPS_SANITAS', 'ACTIVO', NULL, NULL, NULL, 'RICARDO CLARETH CONTRERAS CHUECOS', '343055', 'COTIZANTE', 'CEDULA_EXTRANJERIA'),
(142, '3162825586', 'theblaney@gmail.com', NULL, 'EPS_SANITAS', 'ACTIVO', NULL, NULL, NULL, 'BLANEY GERADO ARISTIZABAL RINCON', '9725997', 'COTIZANTE', 'CEDULA_CIUDADANIA'),
(143, '3146074662', NULL, NULL, 'EPS_SANITAS', 'ACTIVO', NULL, NULL, NULL, 'MARIA EDILMA VALENCIA BUITRAGO', '24469886', 'COTIZANTE', 'CEDULA_CIUDADANIA'),
(144, '3154623264', NULL, NULL, 'EPS_SANITAS', 'ACTIVO', NULL, NULL, NULL, 'BLANCA LILIANA DAVILA ZULUAGA', '41926775', 'COTIZANTE', 'CEDULA_CIUDADANIA'),
(145, '3013216468', 'alvaroagudelo2016@gmail.com', NULL, 'NUEVA_EPS', 'ACTIVO', NULL, NULL, NULL, 'ALVARO AGUDELO OSORIO', '10110004', 'COTIZANTE', 'CEDULA_CIUDADANIA'),
(146, '3122712336', 'leidykatherine10@gmail.com', NULL, 'NUEVA_EPS', 'ACTIVO', NULL, NULL, NULL, 'MARIA SERNA ARREDONDO', '34050926', 'COTIZANTE', 'CEDULA_CIUDADANIA'),
(147, '3225077068', 'lopezmaxalejandro@gmail.com', NULL, 'NUEVA_EPS', 'ACTIVO', NULL, NULL, NULL, 'ALEJANDRO LOPEZ MAX', '1097730386', 'COTIZANTE', 'CEDULA_CIUDADANIA'),
(148, '3103830804', 'nataliadiazgutierrez@gmail.com', NULL, 'NUEVA_EPS', 'ACTIVO', NULL, NULL, NULL, 'LUZ MARINA GUTIERREZ DE DIAZ', '24481063', 'COTIZANTE', 'CEDULA_CIUDADANIA'),
(149, '320 6248413', 'locumalaga@hotmail.com', NULL, 'EPS_SURA', 'ACTIVO', NULL, NULL, NULL, 'HOOVER NEY BONILLA LUCUARA', '18396592', 'COTIZANTE', 'CEDULA_CIUDADANIA'),
(150, '3216131887', 'mauroesc71@gmail.com', NULL, 'EPS_SANITAS', 'ACTIVO', NULL, NULL, NULL, 'MAURICIO ESCALANTE ARAUJO', '7561895', 'COTIZANTE', 'CEDULA_CIUDADANIA'),
(151, NULL, NULL, NULL, 'EPS_SANITAS', 'ACTIVO', NULL, NULL, NULL, 'AMPARO DE JESUS BETANCURT OROZCO ', '25079124', 'COTIZANTE', 'CEDULA_CIUDADANIA'),
(152, NULL, NULL, NULL, 'NUEVA_EPS', 'ACTIVO', NULL, NULL, NULL, 'FABIAN ANDRES VERGARA BETANCURT', '1097726241', 'COTIZANTE', 'CEDULA_CIUDADANIA'),
(153, '3147030409', 'camilavargaszapata60@gmail.com', NULL, 'EPS_SANITAS', 'ACTIVO', NULL, NULL, NULL, 'CAMILA VARGAS ZAPATAS', '1233507628', 'COTIZANTE', 'CEDULA_CIUDADANIA'),
(154, '3164254789', 'mariana-z1@outlook.com', NULL, 'NUEVA_EPS', 'ACTIVO', NULL, NULL, NULL, 'MARIANA ZAPATA CARDONA', '1006327241', 'COTIZANTE', 'CEDULA_CIUDADANIA'),
(155, '3105836496', 'a.r.iguaran@hotmail.com', NULL, 'EPS_SANITAS', 'ACTIVO', NULL, NULL, NULL, 'ANTONIO RAFAEL IGUARAN LEON ', '1094965001', 'COTIZANTE', 'CEDULA_CIUDADANIA'),
(156, '3124785227', NULL, NULL, 'SERVICIO_OCCIDENTAL_DE_SALUD_EPS_SOS', 'ACTIVO', NULL, NULL, NULL, 'RUBY JASBLEIDY GALVIZ SANCHEZ', '33819511', 'COTIZANTE', 'CEDULA_CIUDADANIA'),
(157, '3187287875', NULL, NULL, 'NUEVA_EPS', 'ACTIVO', NULL, NULL, NULL, 'LEIDY JOHANNA JIRONZA', '1094889118', 'COTIZANTE', 'CEDULA_CIUDADANIA'),
(158, NULL, NULL, NULL, 'EPS_SANITAS', 'ACTIVO', NULL, NULL, NULL, 'HECTOR FABIO LOAIZA', '9732752', 'COTIZANTE', 'CEDULA_CIUDADANIA'),
(159, '3105031046', NULL, NULL, 'EPS_SANITAS', 'ACTIVO', NULL, NULL, NULL, 'MARLENY RIVAS', '41900946', 'COTIZANTE', 'CEDULA_CIUDADANIA'),
(160, '3012538248', NULL, NULL, 'EPS_SANITAS', 'ACTIVO', NULL, NULL, NULL, 'CARLOS ALFONSO ALVAREZ SUIKAM', '76308902', 'COTIZANTE', 'CEDULA_CIUDADANIA'),
(161, '3105161161', NULL, NULL, 'EPS_SANITAS', 'ACTIVO', NULL, NULL, NULL, 'ANGIE KATHERINE SANCHEZ QUINTERO ', '1097408191', 'COTIZANTE', 'CEDULA_CIUDADANIA'),
(162, NULL, NULL, NULL, 'EPS_SURA', 'ACTIVO', NULL, NULL, NULL, 'SANDRA PATRICIA GIRALDO BLANDON', '66856063', 'COTIZANTE', 'CEDULA_CIUDADANIA'),
(163, '3136874560', 'rigobertomiragutierrez@gmail.com', NULL, 'SALUD_TOTAL_EPS_SA', 'ACTIVO', NULL, NULL, NULL, 'RIGOBERTO MIRA GUTIERREZ EMPLEADO DE GERONIMO ', '98501445', 'COTIZANTE', 'CEDULA_CIUDADANIA'),
(164, '3155378582', NULL, NULL, 'EPS_SANITAS', 'ACTIVO', NULL, NULL, NULL, 'KAREN LOPEZ GONZALEZ', '1010195668', 'COTIZANTE', 'CEDULA_CIUDADANIA'),
(165, '3104073884', 'alejosoto93@gmail.com', NULL, 'NUEVA_EPS', 'ACTIVO', NULL, NULL, NULL, 'OSCAR EDUARDO LEIVA', '9725305', 'COTIZANTE', 'CEDULA_CIUDADANIA'),
(166, '3135234622', 'gaviota-03@hotmail.es', NULL, 'SALUD_TOTAL_EPS_SA', 'ACTIVO', NULL, NULL, NULL, 'MARTHA LUCIA ARIAS VANEGAS', '31423908', 'COTIZANTE', 'CEDULA_CIUDADANIA'),
(167, '3122117128', 'jose08betancorth@gmail.com', NULL, 'EPS_SANITAS', 'ACTIVO', NULL, NULL, NULL, 'CAROLINA SIERRA BOLAÑOS ', '42153905', 'COTIZANTE', 'CEDULA_CIUDADANIA'),
(168, '3217626689', 'paolanataliameneses@gmail.com', NULL, 'EPS_SANITAS', 'ACTIVO', NULL, NULL, NULL, 'YULLY ROCIO MORA PINEDA ', '66825580', 'COTIZANTE', 'CEDULA_CIUDADANIA'),
(169, '3168189733', 'arosmora42@yahoo.com', NULL, 'EPS_SANITAS', 'ACTIVO', NULL, NULL, NULL, 'ROSAURA MORA BUITRAGO ', '31935989', 'COTIZANTE', 'CEDULA_CIUDADANIA'),
(170, '3218245088', 'psicologaorganizacional29@gmail.com', NULL, 'EPS_SANITAS', 'ACTIVO', NULL, NULL, NULL, 'CATALINA VALENCIA FRANCO ', '1053787756', 'COTIZANTE', 'CEDULA_CIUDADANIA'),
(171, '3103738227', 'pacholda@hotmail.com', NULL, 'EPS_SANITAS', 'ACTIVO', NULL, NULL, NULL, 'DORIS ALICIA CABEZAS CAICEDO', '31380304', 'COTIZANTE', 'CEDULA_CIUDADANIA'),
(172, '3206340135', 'luisalbertocastanosoto@gmail.com', NULL, 'ASMET_SALUD', 'ACTIVO', NULL, NULL, NULL, 'SINDY VANESSA MUÑOZ ', '1094937289', 'COTIZANTE', 'CEDULA_CIUDADANIA'),
(173, '3128612651', 'flaka0128@hotmail.com', NULL, 'EPS_SANITAS', 'ACTIVO', NULL, NULL, NULL, 'CLAUDIA ISABEL VANEGAS MUÑOZ ', '24661855', 'COTIZANTE', 'CEDULA_CIUDADANIA'),
(174, '3103841369', 'lucilaiturregui@gmail.com', NULL, 'EPS_SANITAS', 'ACTIVO', NULL, NULL, NULL, 'FRANCISCO JAVIER TORRES ITURREGUI ', '7546752', 'COTIZANTE', 'CEDULA_CIUDADANIA'),
(175, '3105192592', NULL, NULL, 'NUEVA_EPS', 'ACTIVO', NULL, NULL, NULL, 'ROGELIO RAMIREZ MARIN ', '18463825', 'COTIZANTE', 'CEDULA_CIUDADANIA'),
(176, '3206304616', 'andrecardona74@hotmail.com', NULL, 'EPS_SANITAS', 'ACTIVO', NULL, NULL, NULL, 'ANDREA DEL PILAR CARDONA MUÑOZ ', '66916705', 'COTIZANTE', 'CEDULA_CIUDADANIA'),
(177, '3193901660', 'diegofdozuletav@gmail.com', NULL, 'EPS_SANITAS', 'ACTIVO', NULL, NULL, NULL, 'DIEGO FERNANDO ZULETA VALENCIA ', '1094887858', 'COTIZANTE', 'CEDULA_CIUDADANIA'),
(178, '3136181251', NULL, NULL, 'EPS_SANITAS', 'ACTIVO', NULL, NULL, NULL, 'MARIA LUZMILA CIFUENTES ', '24466523', 'COTIZANTE', 'CEDULA_CIUDADANIA'),
(179, '3218819941', 'mariahesa1994@gmail.com', NULL, 'EPS_SANITAS', 'ACTIVO', NULL, NULL, NULL, 'LUZ DARY SASTRE ', '29327002', 'COTIZANTE', 'CEDULA_CIUDADANIA'),
(180, '3123610719', 'dianaacunamunoz@gmail.com', NULL, 'EPS_SANITAS', 'ACTIVO', NULL, NULL, NULL, 'DIANA MAYERLI ACUÑA MUÑOZ ', '52882045', 'COTIZANTE', 'CEDULA_CIUDADANIA'),
(181, '3132376686', 'darianariascos17@gmail.com', NULL, 'EPS_SANITAS', 'ACTIVO', NULL, NULL, NULL, 'CRISTIAN CAMILO PATIÑO ALBA ', '1218713401', 'COTIZANTE', 'CEDULA_CIUDADANIA'),
(182, '3166918791', NULL, NULL, 'NUEVA_EPS', 'ACTIVO', NULL, NULL, NULL, 'MYRETZY JACKELY ZAMBRANO DE MENDOZA ', '1214989', 'COTIZANTE', 'PT'),
(183, '3205281582', 'brayneyocampo1298@hotmail.es', NULL, 'EPS_SANITAS', 'ACTIVO', NULL, NULL, NULL, 'BRAYNEY OCAMPO AMAYA ', '1097406696', 'COTIZANTE', 'CEDULA_CIUDADANIA'),
(184, '3003267598', 'laurabuitragoc@outlook.com', NULL, 'EPS_SANITAS', 'ACTIVO', NULL, NULL, NULL, 'MARIA INES CIFUENTES DE FUENTES ', '24475238', 'COTIZANTE', 'CEDULA_CIUDADANIA'),
(185, '3004634669', 'amarramamedicinativa@gmail.com', NULL, 'NUEVA_EPS', 'ACTIVO', NULL, NULL, NULL, 'NUNA THANIA ALBARRACIN GIRALDO ', '1151945812', 'COTIZANTE', 'CEDULA_CIUDADANIA'),
(186, NULL, NULL, NULL, 'EPS_SANITAS', 'ACTIVO', NULL, NULL, NULL, 'SEGUNDO ARLEY ARANDA LOAIZA', '94254255', 'COTIZANTE', 'CEDULA_CIUDADANIA'),
(187, '3133356412', 'chriztian19rip@gmail.com', NULL, 'EPS_FAMILIAR_DE_COLOMBIA', 'ACTIVO', NULL, NULL, NULL, 'CRISTIAN CAMILO RIPPE FERRUCHO ', '1022931111', 'COTIZANTE', 'CEDULA_CIUDADANIA'),
(188, '3127762121', 'waldinanamaria240@gmail.com', NULL, 'EPS_SURA', 'ACTIVO', NULL, NULL, NULL, 'HENRY ESTEBAN SANCHEZ ', '9697621', 'COTIZANTE', 'CEDULA_CIUDADANIA'),
(189, '3104493475', 'ufranciscocruz@yahoo.com', NULL, 'EPS_SANITAS', 'ACTIVO', NULL, NULL, NULL, 'URIEL FRANCISCO CRUZ BLANCO ', '79752580', 'COTIZANTE', 'CEDULA_CIUDADANIA'),
(190, '3003513425', 'sgn433@gmail.com', NULL, 'ASMET_SALUD', 'ACTIVO', NULL, NULL, NULL, 'SIMON GONZALEZ NARANJO ', '1094960237', 'COTIZANTE', 'CEDULA_CIUDADANIA'),
(191, '3007300855', NULL, NULL, 'EPS_SANITAS', 'ACTIVO', NULL, NULL, NULL, 'MARIA ELVIA GALLEGO ', '24825850', 'COTIZANTE', 'CEDULA_CIUDADANIA'),
(192, '3106196204', NULL, NULL, 'EPS_SANITAS', 'ACTIVO', NULL, NULL, NULL, 'ALFREDO LOPEZ VILLALOBOS ', '6859547', 'COTIZANTE', 'CEDULA_CIUDADANIA'),
(193, '3113897223', 'vadelatorre18@gmail.com', NULL, 'SERVICIO_OCCIDENTAL_DE_SALUD_EPS_SOS', 'ACTIVO', NULL, NULL, NULL, 'VIVIANA ANDREA DE LA TORRE HOLGUIN ', '31433576', 'COTIZANTE', 'CEDULA_CIUDADANIA'),
(194, '3022188011', NULL, NULL, 'EPS_SANITAS', 'ACTIVO', NULL, NULL, NULL, 'PAULA LICETT URRA MUÑOZ', '1014281397', 'COTIZANTE', 'CEDULA_CIUDADANIA'),
(195, '3205643423', 'soyjohanposada@gmail.com', NULL, 'NUEVA_EPS', 'ACTIVO', NULL, NULL, NULL, 'LEIDER JHOAN POSADA AGUDELO ', '1007490990', 'COTIZANTE', 'CEDULA_CIUDADANIA'),
(196, '3137847464', 'naranjo1224@hotmail.com', NULL, 'SERVICIO_OCCIDENTAL_DE_SALUD_EPS_SOS', 'ACTIVO', NULL, NULL, NULL, 'RODRIGO BETANCURT CARDONA ', '4423404', 'COTIZANTE', 'CEDULA_CIUDADANIA'),
(198, '3217439150', 'pipejeronimo0610@gmail.com', NULL, 'EPS_SANITAS', 'ACTIVO', NULL, NULL, NULL, 'ANDRES FELIPE OCAMPO LOPEZ ', '1094952241', 'COTIZANTE', 'CEDULA_CIUDADANIA'),
(199, '3103205488', 'elozada416@gmail.com', NULL, 'SALUD_TOTAL_EPS_SA', 'ACTIVO', NULL, NULL, NULL, 'ELKIN DARIO LOZADA ROCHA', '1110538751', 'COTIZANTE', 'CEDULA_CIUDADANIA'),
(200, '3003876174', NULL, NULL, 'NUEVA_EPS', 'ACTIVO', NULL, NULL, NULL, 'DIDIER ANTONIO COLORADO RESTREPO', '15528090', 'COTIZANTE', 'CEDULA_CIUDADANIA'),
(201, '3214501925', 'ysanchezcasas@gmail.com', NULL, 'NUEVA_EPS', 'ACTIVO', NULL, NULL, NULL, 'LESLY YANYELI SANCHEZ CASAS ', '1105616388', 'COTIZANTE', 'CEDULA_CIUDADANIA'),
(202, '3166976710', 'pipefarfan@hotmail.com', NULL, 'EPS_SANITAS', 'ACTIVO', NULL, NULL, NULL, 'ANDRES FELIPE FARFAN SABOGAL ', '1097393861', 'COTIZANTE', 'CEDULA_CIUDADANIA'),
(203, '3028285247', 'davidocampolondono@gmail.com', NULL, 'EPS_SURA', 'ACTIVO', NULL, NULL, NULL, 'DAVID OCAMPO LONDOÑO ', '1094948542', 'COTIZANTE', 'CEDULA_CIUDADANIA'),
(204, '3017409037', 'laurabuitragoc@outlook.com', NULL, 'EPS_SANITAS', 'ACTIVO', NULL, NULL, NULL, 'LAURA FERNANDA BUITRAGO CARVAJAL', '52898580', 'COTIZANTE', 'CEDULA_CIUDADANIA'),
(205, '3184452154', 'jgag-2010@hotmail.com', NULL, 'EPS_SANITAS', 'ACTIVO', NULL, NULL, NULL, 'MARIA CAMILA VILLALBA ACEVEDO ', '1094966784', 'COTIZANTE', 'CEDULA_CIUDADANIA'),
(206, '3154623265', 'blalidazu@hotmail.com', NULL, 'EPS_SANITAS', 'ACTIVO', NULL, NULL, NULL, 'JUAN JOSE TAMAYO DAVILA ', '1094963675', 'COTIZANTE', 'CEDULA_CIUDADANIA'),
(207, '3106411674', 'keving.oc@hotmail.com', NULL, 'NUEVA_EPS', 'ACTIVO', NULL, NULL, NULL, 'KEVING FARID OCAMPO CRUZ ', '1094933723', 'COTIZANTE', 'CEDULA_CIUDADANIA'),
(208, '3005006404', 'juanma_perez04@hotmail.com', NULL, 'EPS_SANITAS', 'ACTIVO', NULL, NULL, NULL, 'JUAN MANUEL PEREZ ', '1097039811', 'COTIZANTE', 'CEDULA_CIUDADANIA'),
(209, '3213098737', NULL, NULL, 'NUEVA_EPS', 'ACTIVO', NULL, NULL, NULL, 'JOSE RUBIEL CASTAÑEDA BUITRAGO ', '15962817', 'COTIZANTE', 'CEDULA_CIUDADANIA'),
(210, '3218123063', 'carolsv@hotmail.es', NULL, 'SERVICIO_OCCIDENTAL_DE_SALUD_EPS_SOS', 'ACTIVO', NULL, NULL, NULL, 'CAROLINA SANCHEZ VASQUEZ ', '1094957480', 'COTIZANTE', 'CEDULA_CIUDADANIA'),
(211, '3105565657', 'dpaocely@hotmail.com', NULL, 'EPS_SANITAS', 'ACTIVO', NULL, NULL, NULL, 'FABIO DANIEL CORTES CELY', '2000004339', 'COTIZANTE', 'CEDULA_CIUDADANIA'),
(212, '3113124135', 'sophiemedina@hotmail.com', NULL, 'EPS_SANITAS', 'ACTIVO', NULL, NULL, NULL, 'DANIELA GALLEGO OCAMPO ', '1094946182', 'COTIZANTE', 'CEDULA_CIUDADANIA'),
(213, '3136085625', 'garciagonzalezsara23@gmail.com', NULL, 'ASMET_SALUD', 'ACTIVO', NULL, NULL, NULL, 'SARA GARCIA GONZALEZ ', '1193228589', 'COTIZANTE', 'CEDULA_CIUDADANIA'),
(214, '3106539276', 'vaneflorezvallejo@gmail.com', NULL, 'EPS_SURA', 'ACTIVO', NULL, NULL, NULL, 'MELVA VALLEJO DE FLOREZ ', '24488207', 'COTIZANTE', 'CEDULA_CIUDADANIA');

-- --------------------------------------------------------

--
-- Estructura de tabla para la tabla `historial_tareas`
--

CREATE TABLE `historial_tareas` (
  `id` bigint(20) NOT NULL,
  `descripcion_cambio` varchar(500) DEFAULT NULL,
  `estado_anterior` enum('CITA_CONFIRMADA','COMPLETADA','ENVIADA','EN_PROGRESO','PENDIENTE') DEFAULT NULL,
  `estado_nuevo` enum('CITA_CONFIRMADA','COMPLETADA','ENVIADA','EN_PROGRESO','PENDIENTE') NOT NULL,
  `fecha_cambio` datetime(6) NOT NULL,
  `usuario_cambio` varchar(255) DEFAULT NULL,
  `tarea_id` bigint(20) NOT NULL
) ENGINE=InnoDB DEFAULT CHARSET=utf8mb4 COLLATE=utf8mb4_general_ci;

-- --------------------------------------------------------

--
-- Estructura de tabla para la tabla `tareas`
--

CREATE TABLE `tareas` (
  `id` bigint(20) NOT NULL,
  `autorizacion` varchar(80) DEFAULT NULL,
  `confirmacion_cita` varchar(255) DEFAULT NULL,
  `direccion_cita` varchar(255) DEFAULT NULL,
  `doctor` varchar(150) DEFAULT NULL,
  `especialidad` varchar(120) DEFAULT NULL,
  `especificaciones` varchar(1000) DEFAULT NULL,
  `estado` enum('CITA_CONFIRMADA','COMPLETADA','ENVIADA','EN_PROGRESO','PENDIENTE') NOT NULL,
  `fecha_actualizacion` datetime(6) NOT NULL,
  `fecha_cita` date DEFAULT NULL,
  `fecha_creacion` datetime(6) NOT NULL,
  `fecha_recordatorio` datetime(6) DEFAULT NULL,
  `fecha_solicitud_serviconli` date DEFAULT NULL,
  `hora_cita` varchar(20) DEFAULT NULL,
  `informacion_cita` varchar(1000) DEFAULT NULL,
  `lugar_cita` varchar(150) DEFAULT NULL,
  `observacion` varchar(1000) DEFAULT NULL,
  `orden` varchar(80) DEFAULT NULL,
  `paciente_numero_identificacion` varchar(50) NOT NULL,
  `prioridad` enum('ALTA','BAJA','MEDIA','URGENTE') NOT NULL,
  `radicado` varchar(80) DEFAULT NULL,
  `tipo_cita` enum('AGENDAR_EXAMEN','AUTORIZACIONES','ESPECIALISTA','LABORATORIO','MEDICINA_GENERAL','ODONTOLOGIA') NOT NULL
) ENGINE=InnoDB DEFAULT CHARSET=utf8mb4 COLLATE=utf8mb4_general_ci;

-- --------------------------------------------------------

--
-- Estructura de tabla para la tabla `usuarios`
--

CREATE TABLE `usuarios` (
  `id` bigint(20) NOT NULL,
  `email` varchar(255) NOT NULL,
  `password` varchar(255) NOT NULL
) ENGINE=InnoDB DEFAULT CHARSET=utf8mb4 COLLATE=utf8mb4_general_ci;

--
-- Volcado de datos para la tabla `usuarios`
--

INSERT INTO `usuarios` (`id`, `email`, `password`) VALUES
(4, 'xocampo_165@gruposerviconli.com', '$2a$10$4g11pLqwZMQZNnpwJa6Z5u8Hk3fvZXMxS2O9k.MZBqxmqAFmYCBue'),
(9, 'CentralCitas@gruposerviconli.com', '$2a$10$tXBHQuV2eonjywWyR0ix2u6GM5hVabQZkunEARUoHHPEWo2EujXjO'),
(10, 'Gerencia@gruposerviconli.com', '$2a$10$yVvhIxwgczwZdS0nD1XWHe3FXJ2Nvl6vVPAR2a9sKwxnE1m9nPqty'),
(11, 'Oficinaarmenia@gruposerviconli.com', '$2a$10$d/B4t/Kk1kb5/nqpin9fCOm7P4VPBlKP72KzJt82ML6sEctOiueq6');

--
-- Índices para tablas volcadas
--

--
-- Indices de la tabla `beneficiarios`
--
ALTER TABLE `beneficiarios`
  ADD PRIMARY KEY (`id`),
  ADD UNIQUE KEY `UK9y0xsfwkcyci08mssg0xgwayh` (`numero_identificacion`),
  ADD KEY `FKgtuwxd6l5t4r6ugm09rst8utc` (`cotizante_id`);

--
-- Indices de la tabla `cotizantes`
--
ALTER TABLE `cotizantes`
  ADD PRIMARY KEY (`id`),
  ADD UNIQUE KEY `UK5dy2m9v5f81ds301gnl81dpp1` (`numero_identificacion`);

--
-- Indices de la tabla `historial_tareas`
--
ALTER TABLE `historial_tareas`
  ADD PRIMARY KEY (`id`),
  ADD KEY `FKb472lo4oyhjq06h1hcjsx29yy` (`tarea_id`);

--
-- Indices de la tabla `tareas`
--
ALTER TABLE `tareas`
  ADD PRIMARY KEY (`id`);

--
-- Indices de la tabla `usuarios`
--
ALTER TABLE `usuarios`
  ADD PRIMARY KEY (`id`),
  ADD UNIQUE KEY `UKkfsp0s1tflm1cwlj8idhqsad0` (`email`);

--
-- AUTO_INCREMENT de las tablas volcadas
--

--
-- AUTO_INCREMENT de la tabla `beneficiarios`
--
ALTER TABLE `beneficiarios`
  MODIFY `id` bigint(20) NOT NULL AUTO_INCREMENT, AUTO_INCREMENT=91;

--
-- AUTO_INCREMENT de la tabla `cotizantes`
--
ALTER TABLE `cotizantes`
  MODIFY `id` bigint(20) NOT NULL AUTO_INCREMENT, AUTO_INCREMENT=215;

--
-- AUTO_INCREMENT de la tabla `historial_tareas`
--
ALTER TABLE `historial_tareas`
  MODIFY `id` bigint(20) NOT NULL AUTO_INCREMENT, AUTO_INCREMENT=7;

--
-- AUTO_INCREMENT de la tabla `tareas`
--
ALTER TABLE `tareas`
  MODIFY `id` bigint(20) NOT NULL AUTO_INCREMENT, AUTO_INCREMENT=6;

--
-- AUTO_INCREMENT de la tabla `usuarios`
--
ALTER TABLE `usuarios`
  MODIFY `id` bigint(20) NOT NULL AUTO_INCREMENT, AUTO_INCREMENT=12;

--
-- Restricciones para tablas volcadas
--

--
-- Filtros para la tabla `beneficiarios`
--
ALTER TABLE `beneficiarios`
  ADD CONSTRAINT `FKgtuwxd6l5t4r6ugm09rst8utc` FOREIGN KEY (`cotizante_id`) REFERENCES `cotizantes` (`id`);

--
-- Filtros para la tabla `historial_tareas`
--
ALTER TABLE `historial_tareas`
  ADD CONSTRAINT `FKb472lo4oyhjq06h1hcjsx29yy` FOREIGN KEY (`tarea_id`) REFERENCES `tareas` (`id`);
COMMIT;

/*!40101 SET CHARACTER_SET_CLIENT=@OLD_CHARACTER_SET_CLIENT */;
/*!40101 SET CHARACTER_SET_RESULTS=@OLD_CHARACTER_SET_RESULTS */;
/*!40101 SET COLLATION_CONNECTION=@OLD_COLLATION_CONNECTION */;
